[
  {
    "genre": "Action, Adventure, Fantasy",
    "description": "A paraplegic marine dispatched to the moon Pandora on a unique mission becomes torn between following his orders and protecting the world he feels is his home.",
    "thumbnailUrl": "https://media-cache.cinematerial.com/p/500x/yonz5gr7/avatar-theatrical-movie-poster.jpg?v=1456799710",
    "duration": "162 min",
    "title": "Avatar",
    "videoUrl": "http://commondatastorage.googleapis.com/gtv-videos-bucket/sample/BigBuckBunny.mp4"
  },
  {
    "genre": "Drama, Horror, Sci-Fi",
    "description": "Years after a plague kills most of humanity and transforms the rest into monsters, the sole survivor in New York City struggles valiantly to find a cure.",
    "thumbnailUrl": "https://posters.movieposterdb.com/07_12/2007/480249/l_480249_66680d6b.jpg",
    "duration": "101 min",
    "title": "I Am Legend",
    "videoUrl": "http://commondatastorage.googleapis.com/gtv-videos-bucket/sample/BigBuckBunny.mp4"
  },
  {
    "genre": "Action, Drama, Fantasy",
    "description": "King Leonidas of Sparta and a force of 300 men fight the Persians at Thermopylae in 480 B.C.",
    "thumbnailUrl": "https://posters.movieposterdb.com/07_09/2006/0416449/l_0416449_ebba784f.jpg",
    "duration": "117 min",
    "title": "300",
    "videoUrl": "http://commondatastorage.googleapis.com/gtv-videos-bucket/sample/BigBuckBunny.mp4"
  },
  {
    "genre": "Action, Sci-Fi, Thriller",
    "description": "Earth's mightiest heroes must come together and learn to fight as a team if they are to stop the mischievous Loki and his alien army from enslaving humanity.",
    "thumbnailUrl": "https://posters.movieposterdb.com/20_10/2012/848228/l_848228_9bc5bc2a.jpg",
    "duration": "143 min",
    "title": "The Avengers",
    "videoUrl": "http://commondatastorage.googleapis.com/gtv-videos-bucket/sample/BigBuckBunny.mp4"
  },
  {
    "genre": "Biography, Comedy, Crime",
    "description": "Based on the true story of Jordan Belfort, from his rise to a wealthy stock-broker living the high life to his fall involving crime, corruption and the federal government.",
    "thumbnailUrl": "https://posters.movieposterdb.com/13_11/2013/993846/l_993846_6b55e2ea.jpg",
    "duration": "180 min",
    "title": "The Wolf of Wall Street",
    "videoUrl": "http://commondatastorage.googleapis.com/gtv-videos-bucket/sample/BigBuckBunny.mp4"
  },
  {
    "genre": "Adventure, Drama, Sci-Fi",
    "description": "A team of explorers travel through a wormhole in space in an attempt to ensure humanity's survival.",
    "thumbnailUrl": "https://posters.movieposterdb.com/14_09/2014/816692/l_816692_593eaeff.jpg",
    "duration": "169 min",
    "title": "Interstellar",
    "videoUrl": "http://commondatastorage.googleapis.com/gtv-videos-bucket/sample/BigBuckBunny.mp4"
  },
  {
    "genre": "Adventure, Drama, Fantasy",
    "description": "While a civil war brews between several noble families in Westeros, the children of the former rulers of the land attempt to rise up to power. Meanwhile a forgotten race, bent on destruction, plans to return after thousands of years in the North.",
    "thumbnailUrl": "https://posters.movieposterdb.com/11_03/2011/944947/l_944947_390180e8.jpg",
    "duration": "56 min",
    "title": "Game of Thrones",
    "videoUrl": "http://commondatastorage.googleapis.com/gtv-videos-bucket/sample/BigBuckBunny.mp4"
  },
  {
    "genre": "Action, Drama, History",
    "description": "The world of the Vikings is brought to life through the journey of Ragnar Lothbrok, the first Viking to emerge from Norse legend and onto the pages of history - a man on the edge of myth.",
    "thumbnailUrl": "https://posters.movieposterdb.com/13_07/2013/2306299/l_2306299_e4d03de6.jpg",
    "duration": "44 min",
    "title": "Vikings",
    "videoUrl": "http://commondatastorage.googleapis.com/gtv-videos-bucket/sample/BigBuckBunny.mp4"
  },
  {
    "genre": "Action, Crime, Drama",
    "description": "The story behind Detective James Gordon's rise to prominence in Gotham City in the years before Batman's arrival.",
    "thumbnailUrl": "https://posters.movieposterdb.com/23_01/2022/2215065/l_gotham-movie-poster_84ea6781.jpg",
    "duration": "42 min",
    "title": "Gotham",
    "videoUrl": "http://commondatastorage.googleapis.com/gtv-videos-bucket/sample/BigBuckBunny.mp4"
  },
  {
    "genre": "Crime, Drama",
    "description": "James \"Ghost\" St. Patrick, a wealthy New York night club owner who has it all, catering for the city's elite and dreaming big, lives a double life as a drug kingpin.",
    "thumbnailUrl": "https://posters.movieposterdb.com/22_10/2014/9085782/l_power-movie-poster_91221f00.jpg",
    "duration": "50 min",
    "title": "Power",
    "videoUrl": "http://commondatastorage.googleapis.com/gtv-videos-bucket/sample/BigBuckBunny.mp4"
  },
  {
    "genre": "Biography, Crime, Drama",
    "description": "A chronicled look at the criminal exploits of Colombian drug lord Pablo Escobar.",
    "thumbnailUrl": "https://posters.movieposterdb.com/15_09/2015/2707408/l_2707408_45242cce.jpg",
    "duration": "49 min",
    "title": "Narcos",
    "videoUrl": "http://commondatastorage.googleapis.com/gtv-videos-bucket/sample/BigBuckBunny.mp4"
  },
  {
    "genre": "Crime, Drama, Thriller",
    "description": "A high school chemistry teacher diagnosed with inoperable lung cancer turns to manufacturing and selling methamphetamine in order to secure his family's financial future.",
    "thumbnailUrl": "https://posters.movieposterdb.com/08_04/2008/903747/l_903747_a1327335.jpg",
    "duration": "49 min",
    "title": "Breaking Bad",
    "videoUrl": "http://commondatastorage.googleapis.com/gtv-videos-bucket/sample/BigBuckBunny.mp4"
  },
  {
    "genre": "Action, Adventure, Fantasy",
    "description": "After his career is destroyed, a brilliant but arrogant and conceited surgeon gets a new lease on life when a sorcerer takes him under her wing and trains him to defend the world against evil.",
    "thumbnailUrl": "https://posters.movieposterdb.com/22_07/2022/11304712/l_11304712_89515078.jpg",
    "duration": "N/A",
    "title": "Doctor Strange",
    "videoUrl": "http://commondatastorage.googleapis.com/gtv-videos-bucket/sample/BigBuckBunny.mp4"
  },
  {
    "genre": "Action, Adventure, Sci-Fi",
    "description": "The Rebellion makes a risky move to steal the plans to the Death Star, setting up the epic saga to follow.",
    "thumbnailUrl": "https://posters.movieposterdb.com/23_02/2016/6323140/l_rogue-one-a-star-wars-story-world-premiere-movie-poster_2feacb1d.jpg",
    "duration": "N/A",
    "title": "Rogue One: A Star Wars Story",
    "videoUrl": "http://commondatastorage.googleapis.com/gtv-videos-bucket/sample/BigBuckBunny.mp4"
  },
  {
    "genre": "Action, Adventure, Fantasy",
    "description": "When Callum Lynch explores the memories of his ancestor Aguilar and gains the skills of a Master Assassin, he discovers he is a descendant of the secret Assassins society.",
    "thumbnailUrl": "https://posters.movieposterdb.com/21_04/2015/2094766/l_2094766_82f32f03.jpg",
    "duration": "N/A",
    "title": "Assassin's Creed",
    "videoUrl": "http://commondatastorage.googleapis.com/gtv-videos-bucket/sample/BigBuckBunny.mp4"
  },
  {
    "genre": "Action, Crime, Drama",
    "description": "Given superstrength and durability by a sabotaged experiment, a wrongly accused man escapes prison to become a superhero for hire.",
    "thumbnailUrl": "/MV5BMTcyMzc1MjI5MF5BMl5BanBnXkFtZTgwMzE4ODY2OTE",
    "duration": "55 min",
    "title": "Luke Cage",
    "videoUrl": "http://commondatastorage.googleapis.com/gtv-videos-bucket/sample/BigBuckBunny.mp4"
  }
]
